,Fold,Corruption,Severity,LogLikelihood
0,1,brightness,1,-89718.72
1,1,brightness,2,-88837.29
2,1,brightness,3,-87734.46
3,1,brightness,4,-86485.19
4,1,brightness,5,-83460.36
5,1,contrast,1,-79683.09
6,1,contrast,2,-62106.086
7,1,contrast,3,-52491.44
8,1,contrast,4,-41676.34
9,1,contrast,5,-25411.355
10,1,defocus_blur,1,-90967.734
11,1,defocus_blur,2,-91982.62
12,1,defocus_blur,3,-92739.25
13,1,defocus_blur,4,-93235.81
14,1,defocus_blur,5,-94113.586
15,1,elastic,1,-88197.4
16,1,elastic,2,-88740.27
17,1,elastic,3,-90437.0
18,1,elastic,4,-90956.91
19,1,elastic,5,-91398.95
20,1,fog,1,-90838.24
21,1,fog,2,-92054.67
22,1,fog,3,-94908.39
23,1,fog,4,-93288.92
24,1,fog,5,-97548.195
25,1,frost,1,-85869.87
26,1,frost,2,-82152.8
27,1,frost,3,-80683.945
28,1,frost,4,-82065.445
29,1,frost,5,-82165.125
30,1,frosted_glass_blur,1,-90224.21
31,1,frosted_glass_blur,2,-90676.336
32,1,frosted_glass_blur,3,-92232.08
33,1,frosted_glass_blur,4,-89944.43
34,1,frosted_glass_blur,5,-91450.81
35,1,gaussian_blur,1,-90969.47
36,1,gaussian_blur,2,-92801.16
37,1,gaussian_blur,3,-93389.25
38,1,gaussian_blur,4,-93855.1
39,1,gaussian_blur,5,-94548.91
40,1,gaussian_noise,1,-88845.51
41,1,gaussian_noise,2,-87056.99
42,1,gaussian_noise,3,-85261.62
43,1,gaussian_noise,4,-83849.04
44,1,gaussian_noise,5,-82797.516
45,1,impulse_noise,1,-87588.12
46,1,impulse_noise,2,-85230.08
47,1,impulse_noise,3,-83174.46
48,1,impulse_noise,4,-78798.36
49,1,impulse_noise,5,-75500.39
50,1,jpeg_compression,1,-90130.79
51,1,jpeg_compression,2,-90198.49
52,1,jpeg_compression,3,-90192.61
53,1,jpeg_compression,4,-90343.06
54,1,jpeg_compression,5,-90496.125
55,1,motion_blur,1,-92244.94
56,1,motion_blur,2,-93088.48
57,1,motion_blur,3,-93063.63
58,1,motion_blur,4,-92877.29
59,1,motion_blur,5,-92908.03
60,1,pixelate,1,-89998.22
61,1,pixelate,2,-90756.61
62,1,pixelate,3,-90374.52
63,1,pixelate,4,-91619.266
64,1,pixelate,5,-92083.81
65,1,saturate,1,-80120.11
66,1,saturate,2,-75913.81
67,1,saturate,3,-92821.38
68,1,saturate,4,-94248.38
69,1,saturate,5,-94136.87
70,1,shot_noise,1,-89229.54
71,1,shot_noise,2,-88351.77
72,1,shot_noise,3,-85984.16
73,1,shot_noise,4,-84786.67
74,1,shot_noise,5,-82587.34
75,1,snow,1,-87741.8
76,1,snow,2,-84538.74
77,1,snow,3,-86279.31
78,1,snow,4,-79324.875
79,1,snow,5,-81138.7
80,1,spatter,1,-90743.28
81,1,spatter,2,-89945.19
82,1,spatter,3,-88031.46
83,1,spatter,4,-81557.805
84,1,spatter,5,-78249.38
85,1,speckle_noise,1,-88980.83
86,1,speckle_noise,2,-87526.34
87,1,speckle_noise,3,-86192.7
88,1,speckle_noise,4,-83940.8
89,1,speckle_noise,5,-81267.33
90,1,zoom_blur,1,-94421.15
91,1,zoom_blur,2,-94910.73
92,1,zoom_blur,3,-95370.88
93,1,zoom_blur,4,-95417.95
94,1,zoom_blur,5,-95330.98
95,2,brightness,1,-74240.17
96,2,brightness,2,-73788.8
97,2,brightness,3,-73106.35
98,2,brightness,4,-72289.84
99,2,brightness,5,-70201.7
100,2,contrast,1,-67109.8
101,2,contrast,2,-53650.457
102,2,contrast,3,-45629.605
103,2,contrast,4,-36180.477
104,2,contrast,5,-20896.172
105,2,defocus_blur,1,-74887.45
106,2,defocus_blur,2,-75677.99
107,2,defocus_blur,3,-76296.48
108,2,defocus_blur,4,-76704.78
109,2,defocus_blur,5,-77606.4
110,2,elastic,1,-74685.29
111,2,elastic,2,-74743.89
112,2,elastic,3,-75498.91
113,2,elastic,4,-76374.98
114,2,elastic,5,-75589.67
115,2,fog,1,-74294.74
116,2,fog,2,-73098.57
117,2,fog,3,-74107.0
118,2,fog,4,-70566.88
119,2,fog,5,-70843.23
120,2,frost,1,-70631.76
121,2,frost,2,-67214.42
122,2,frost,3,-66406.8
123,2,frost,4,-68064.87
124,2,frost,5,-69088.484
125,2,frosted_glass_blur,1,-74951.23
126,2,frosted_glass_blur,2,-75050.484
127,2,frosted_glass_blur,3,-76415.06
128,2,frosted_glass_blur,4,-75441.4
129,2,frosted_glass_blur,5,-76628.49
130,2,gaussian_blur,1,-74862.88
131,2,gaussian_blur,2,-76218.266
132,2,gaussian_blur,3,-76672.23
133,2,gaussian_blur,4,-77046.25
134,2,gaussian_blur,5,-77648.445
135,2,gaussian_noise,1,-73251.83
136,2,gaussian_noise,2,-71971.695
137,2,gaussian_noise,3,-70794.89
138,2,gaussian_noise,4,-69844.58
139,2,gaussian_noise,5,-68836.85
140,2,impulse_noise,1,-72498.83
141,2,impulse_noise,2,-70977.41
142,2,impulse_noise,3,-69359.18
143,2,impulse_noise,4,-66301.93
144,2,impulse_noise,5,-63804.42
145,2,jpeg_compression,1,-74231.14
146,2,jpeg_compression,2,-74193.08
147,2,jpeg_compression,3,-74134.59
148,2,jpeg_compression,4,-74237.055
149,2,jpeg_compression,5,-74372.29
150,2,motion_blur,1,-75607.2
151,2,motion_blur,2,-76236.305
152,2,motion_blur,3,-76396.07
153,2,motion_blur,4,-75942.63
154,2,motion_blur,5,-75531.51
155,2,pixelate,1,-73986.664
156,2,pixelate,2,-75384.54
157,2,pixelate,3,-74261.35
158,2,pixelate,4,-74832.836
159,2,pixelate,5,-77887.9
160,2,saturate,1,-61728.973
161,2,saturate,2,-57284.76
162,2,saturate,3,-79085.43
163,2,saturate,4,-82367.664
164,2,saturate,5,-82774.45
165,2,shot_noise,1,-73472.68
166,2,shot_noise,2,-72877.89
167,2,shot_noise,3,-71131.695
168,2,shot_noise,4,-70200.96
169,2,shot_noise,5,-68729.61
170,2,snow,1,-71836.49
171,2,snow,2,-68577.375
172,2,snow,3,-69573.26
173,2,snow,4,-63862.668
174,2,snow,5,-64720.402
175,2,spatter,1,-74720.695
176,2,spatter,2,-73967.76
177,2,spatter,3,-72663.29
178,2,spatter,4,-66901.38
179,2,spatter,5,-64673.676
180,2,speckle_noise,1,-73338.09
181,2,speckle_noise,2,-72310.01
182,2,speckle_noise,3,-71164.195
183,2,speckle_noise,4,-69467.414
184,2,speckle_noise,5,-67512.125
185,2,zoom_blur,1,-77741.69
186,2,zoom_blur,2,-78243.65
187,2,zoom_blur,3,-78721.05
188,2,zoom_blur,4,-78923.16
189,2,zoom_blur,5,-79050.02
190,3,brightness,1,-68596.35
191,3,brightness,2,-67513.586
192,3,brightness,3,-66283.56
193,3,brightness,4,-64992.73
194,3,brightness,5,-62199.902
195,3,contrast,1,-61489.715
196,3,contrast,2,-48355.355
197,3,contrast,3,-41056.082
198,3,contrast,4,-32692.236
199,3,contrast,5,-19964.543
200,3,defocus_blur,1,-69839.516
201,3,defocus_blur,2,-70553.22
202,3,defocus_blur,3,-71090.445
203,3,defocus_blur,4,-71447.82
204,3,defocus_blur,5,-72054.38
205,3,elastic,1,-67830.71
206,3,elastic,2,-68601.42
207,3,elastic,3,-69500.77
208,3,elastic,4,-70001.06
209,3,elastic,5,-70125.79
210,3,fog,1,-69551.08
211,3,fog,2,-69527.695
212,3,fog,3,-70943.5
213,3,fog,4,-69118.99
214,3,fog,5,-69879.74
215,3,frost,1,-65598.9
216,3,frost,2,-62509.902
217,3,frost,3,-61575.7
218,3,frost,4,-62764.37
219,3,frost,5,-63136.1
220,3,frosted_glass_blur,1,-69365.305
221,3,frosted_glass_blur,2,-69656.1
222,3,frosted_glass_blur,3,-70871.4
223,3,frosted_glass_blur,4,-69418.484
224,3,frosted_glass_blur,5,-70421.98
225,3,gaussian_blur,1,-69846.64
226,3,gaussian_blur,2,-71165.88
227,3,gaussian_blur,3,-71599.59
228,3,gaussian_blur,4,-71955.805
229,3,gaussian_blur,5,-72508.91
230,3,gaussian_noise,1,-68291.06
231,3,gaussian_noise,2,-66958.555
232,3,gaussian_noise,3,-65702.04
233,3,gaussian_noise,4,-64688.734
234,3,gaussian_noise,5,-63781.445
235,3,impulse_noise,1,-67520.96
236,3,impulse_noise,2,-65948.71
237,3,impulse_noise,3,-64347.28
238,3,impulse_noise,4,-61257.547
239,3,impulse_noise,5,-58894.406
240,3,jpeg_compression,1,-69269.445
241,3,jpeg_compression,2,-69245.195
242,3,jpeg_compression,3,-69244.69
243,3,jpeg_compression,4,-69294.016
244,3,jpeg_compression,5,-69426.805
245,3,motion_blur,1,-70423.45
246,3,motion_blur,2,-70829.66
247,3,motion_blur,3,-70916.914
248,3,motion_blur,4,-70708.8
249,3,motion_blur,5,-70407.195
250,3,pixelate,1,-68991.836
251,3,pixelate,2,-70122.65
252,3,pixelate,3,-69575.96
253,3,pixelate,4,-70077.68
254,3,pixelate,5,-70999.17
255,3,saturate,1,-62596.36
256,3,saturate,2,-59547.55
257,3,saturate,3,-70903.14
258,3,saturate,4,-71027.375
259,3,saturate,5,-70318.49
260,3,shot_noise,1,-68518.414
261,3,shot_noise,2,-67916.25
262,3,shot_noise,3,-66167.04
263,3,shot_noise,4,-65355.277
264,3,shot_noise,5,-63733.797
265,3,snow,1,-67321.55
266,3,snow,2,-64730.086
267,3,snow,3,-65842.93
268,3,snow,4,-60298.707
269,3,snow,5,-61855.71
270,3,spatter,1,-69629.95
271,3,spatter,2,-68874.05
272,3,spatter,3,-67731.63
273,3,spatter,4,-63088.43
274,3,spatter,5,-60557.03
275,3,speckle_noise,1,-68360.766
276,3,speckle_noise,2,-67235.984
277,3,speckle_noise,3,-66277.35
278,3,speckle_noise,4,-64503.58
279,3,speckle_noise,5,-62614.043
280,3,zoom_blur,1,-72340.48
281,3,zoom_blur,2,-72600.53
282,3,zoom_blur,3,-72940.445
283,3,zoom_blur,4,-72959.82
284,3,zoom_blur,5,-72935.8
285,4,brightness,1,-95342.62
286,4,brightness,2,-94348.305
287,4,brightness,3,-93118.02
288,4,brightness,4,-91660.23
289,4,brightness,5,-88320.8
290,4,contrast,1,-84824.17
291,4,contrast,2,-65898.32
292,4,contrast,3,-55401.934
293,4,contrast,4,-43504.47
294,4,contrast,5,-25749.793
295,4,defocus_blur,1,-96654.04
296,4,defocus_blur,2,-97712.37
297,4,defocus_blur,3,-98496.03
298,4,defocus_blur,4,-99002.26
299,4,defocus_blur,5,-99875.1
300,4,elastic,1,-94652.97
301,4,elastic,2,-95276.66
302,4,elastic,3,-96287.34
303,4,elastic,4,-96928.125
304,4,elastic,5,-97064.22
305,4,fog,1,-95952.01
306,4,fog,2,-95367.15
307,4,fog,3,-96402.39
308,4,fog,4,-91861.016
309,4,fog,5,-92458.97
310,4,frost,1,-91287.17
311,4,frost,2,-86905.125
312,4,frost,3,-86013.96
313,4,frost,4,-87654.71
314,4,frost,5,-88456.24
315,4,frosted_glass_blur,1,-96423.016
316,4,frosted_glass_blur,2,-96730.234
317,4,frosted_glass_blur,3,-98560.22
318,4,frosted_glass_blur,4,-96735.734
319,4,frosted_glass_blur,5,-98299.77
320,4,gaussian_blur,1,-96656.76
321,4,gaussian_blur,2,-98570.96
322,4,gaussian_blur,3,-99178.305
323,4,gaussian_blur,4,-99657.484
324,4,gaussian_blur,5,-100359.586
325,4,gaussian_noise,1,-94435.8
326,4,gaussian_noise,2,-92555.52
327,4,gaussian_noise,3,-90680.76
328,4,gaussian_noise,4,-89487.55
329,4,gaussian_noise,5,-88086.74
330,4,impulse_noise,1,-93108.62
331,4,impulse_noise,2,-90879.92
332,4,impulse_noise,3,-88293.95
333,4,impulse_noise,4,-83677.22
334,4,impulse_noise,5,-79965.6
335,4,jpeg_compression,1,-95794.086
336,4,jpeg_compression,2,-95796.55
337,4,jpeg_compression,3,-95766.96
338,4,jpeg_compression,4,-95892.09
339,4,jpeg_compression,5,-95951.76
340,4,motion_blur,1,-97625.65
341,4,motion_blur,2,-98467.19
342,4,motion_blur,3,-98496.64
343,4,motion_blur,4,-98353.664
344,4,motion_blur,5,-97906.04
345,4,pixelate,1,-95597.664
346,4,pixelate,2,-96589.21
347,4,pixelate,3,-95891.66
348,4,pixelate,4,-97144.96
349,4,pixelate,5,-98426.39
350,4,saturate,1,-83309.61
351,4,saturate,2,-78178.67
352,4,saturate,3,-99589.67
353,4,saturate,4,-102648.73
354,4,saturate,5,-103557.984
355,4,shot_noise,1,-94837.164
356,4,shot_noise,2,-93869.234
357,4,shot_noise,3,-91408.61
358,4,shot_noise,4,-90182.734
359,4,shot_noise,5,-87842.04
360,4,snow,1,-93116.266
361,4,snow,2,-89251.68
362,4,snow,3,-91204.67
363,4,snow,4,-82616.43
364,4,snow,5,-82752.28
365,4,spatter,1,-96552.195
366,4,spatter,2,-95729.06
367,4,spatter,3,-93259.01
368,4,spatter,4,-86935.84
369,4,spatter,5,-83341.234
370,4,speckle_noise,1,-94570.98
371,4,speckle_noise,2,-93044.055
372,4,speckle_noise,3,-91659.914
373,4,speckle_noise,4,-89104.41
374,4,speckle_noise,5,-86288.305
375,4,zoom_blur,1,-100365.27
376,4,zoom_blur,2,-100843.09
377,4,zoom_blur,3,-101442.39
378,4,zoom_blur,4,-101623.19
379,4,zoom_blur,5,-101600.5
380,5,brightness,1,-67896.54
381,5,brightness,2,-67481.12
382,5,brightness,3,-66894.6
383,5,brightness,4,-66221.8
384,5,brightness,5,-64451.99
385,5,contrast,1,-60723.46
386,5,contrast,2,-47306.234
387,5,contrast,3,-39822.977
388,5,contrast,4,-31329.748
389,5,contrast,5,-18268.928
390,5,defocus_blur,1,-68515.06
391,5,defocus_blur,2,-69040.484
392,5,defocus_blur,3,-69412.82
393,5,defocus_blur,4,-69668.305
394,5,defocus_blur,5,-70037.98
395,5,elastic,1,-65811.8
396,5,elastic,2,-66248.48
397,5,elastic,3,-67702.61
398,5,elastic,4,-67714.98
399,5,elastic,5,-67877.766
400,5,fog,1,-67881.3
401,5,fog,2,-66619.03
402,5,fog,3,-65874.43
403,5,fog,4,-61071.09
404,5,fog,5,-59823.45
405,5,frost,1,-65344.75
406,5,frost,2,-62675.98
407,5,frost,3,-61609.375
408,5,frost,4,-62585.594
409,5,frost,5,-62550.094
410,5,frosted_glass_blur,1,-68544.16
411,5,frosted_glass_blur,2,-68806.11
412,5,frosted_glass_blur,3,-69764.35
413,5,frosted_glass_blur,4,-68294.07
414,5,frosted_glass_blur,5,-69564.086
415,5,gaussian_blur,1,-68537.11
416,5,gaussian_blur,2,-69521.37
417,5,gaussian_blur,3,-69809.1
418,5,gaussian_blur,4,-70023.7
419,5,gaussian_blur,5,-70305.8
420,5,gaussian_noise,1,-67228.375
421,5,gaussian_noise,2,-66129.14
422,5,gaussian_noise,3,-64823.83
423,5,gaussian_noise,4,-63855.2
424,5,gaussian_noise,5,-63103.13
425,5,impulse_noise,1,-66374.35
426,5,impulse_noise,2,-64818.63
427,5,impulse_noise,3,-63453.637
428,5,impulse_noise,4,-60287.04
429,5,impulse_noise,5,-58038.977
430,5,jpeg_compression,1,-68028.19
431,5,jpeg_compression,2,-67996.58
432,5,jpeg_compression,3,-67894.016
433,5,jpeg_compression,4,-67938.78
434,5,jpeg_compression,5,-67906.37
435,5,motion_blur,1,-69106.96
436,5,motion_blur,2,-69486.6
437,5,motion_blur,3,-69497.805
438,5,motion_blur,4,-69270.555
439,5,motion_blur,5,-68865.45
440,5,pixelate,1,-68032.2
441,5,pixelate,2,-68689.14
442,5,pixelate,3,-68021.58
443,5,pixelate,4,-68726.6
444,5,pixelate,5,-70199.7
445,5,saturate,1,-59599.71
446,5,saturate,2,-55791.367
447,5,saturate,3,-70575.06
448,5,saturate,4,-72845.25
449,5,saturate,5,-73310.04
450,5,shot_noise,1,-67464.16
451,5,shot_noise,2,-66845.2
452,5,shot_noise,3,-65427.55
453,5,shot_noise,4,-64683.74
454,5,shot_noise,5,-63043.63
455,5,snow,1,-66367.664
456,5,snow,2,-64169.35
457,5,snow,3,-64853.44
458,5,snow,4,-61056.91
459,5,snow,5,-59547.7
460,5,spatter,1,-68498.305
461,5,spatter,2,-67954.74
462,5,spatter,3,-66217.58
463,5,spatter,4,-61984.77
464,5,spatter,5,-59500.633
465,5,speckle_noise,1,-67276.375
466,5,speckle_noise,2,-66366.695
467,5,speckle_noise,3,-65510.867
468,5,speckle_noise,4,-63894.348
469,5,speckle_noise,5,-62355.66
470,5,zoom_blur,1,-70928.62
471,5,zoom_blur,2,-71043.16
472,5,zoom_blur,3,-71206.31
473,5,zoom_blur,4,-71005.33
474,5,zoom_blur,5,-70721.0
475,6,brightness,1,-88882.9
476,6,brightness,2,-88353.02
477,6,brightness,3,-87687.68
478,6,brightness,4,-86882.38
479,6,brightness,5,-84716.734
480,6,contrast,1,-79189.46
481,6,contrast,2,-62243.82
482,6,contrast,3,-52759.25
483,6,contrast,4,-41840.39
484,6,contrast,5,-24570.908
485,6,defocus_blur,1,-89912.71
486,6,defocus_blur,2,-91010.77
487,6,defocus_blur,3,-91844.57
488,6,defocus_blur,4,-92384.71
489,6,defocus_blur,5,-93429.37
490,6,elastic,1,-88610.61
491,6,elastic,2,-89295.9
492,6,elastic,3,-90553.72
493,6,elastic,4,-90959.28
494,6,elastic,5,-91099.695
495,6,fog,1,-89422.4
496,6,fog,2,-90352.945
497,6,fog,3,-93662.88
498,6,fog,4,-91589.625
499,6,fog,5,-95305.164
500,6,frost,1,-85634.79
501,6,frost,2,-82282.67
502,6,frost,3,-81101.22
503,6,frost,4,-82253.54
504,6,frost,5,-82153.65
505,6,frosted_glass_blur,1,-89335.484
506,6,frosted_glass_blur,2,-89776.63
507,6,frosted_glass_blur,3,-91522.28
508,6,frosted_glass_blur,4,-89493.79
509,6,frosted_glass_blur,5,-91260.03
510,6,gaussian_blur,1,-89896.28
511,6,gaussian_blur,2,-91835.17
512,6,gaussian_blur,3,-92474.45
513,6,gaussian_blur,4,-92990.03
514,6,gaussian_blur,5,-93802.04
515,6,gaussian_noise,1,-87751.1
516,6,gaussian_noise,2,-86109.96
517,6,gaussian_noise,3,-84307.805
518,6,gaussian_noise,4,-83106.86
519,6,gaussian_noise,5,-81903.055
520,6,impulse_noise,1,-86540.72
521,6,impulse_noise,2,-84306.92
522,6,impulse_noise,3,-82119.3
523,6,impulse_noise,4,-77861.54
524,6,impulse_noise,5,-74552.125
525,6,jpeg_compression,1,-89125.73
526,6,jpeg_compression,2,-89180.92
527,6,jpeg_compression,3,-89135.805
528,6,jpeg_compression,4,-89284.766
529,6,jpeg_compression,5,-89459.74
530,6,motion_blur,1,-90693.58
531,6,motion_blur,2,-91190.92
532,6,motion_blur,3,-91304.83
533,6,motion_blur,4,-90892.62
534,6,motion_blur,5,-90792.88
535,6,pixelate,1,-88960.28
536,6,pixelate,2,-89755.31
537,6,pixelate,3,-89658.234
538,6,pixelate,4,-90189.17
539,6,pixelate,5,-91119.2
540,6,saturate,1,-79160.7
541,6,saturate,2,-75396.95
542,6,saturate,3,-92457.96
543,6,saturate,4,-93379.91
544,6,saturate,5,-92643.78
545,6,shot_noise,1,-88165.19
546,6,shot_noise,2,-87255.234
547,6,shot_noise,3,-85008.66
548,6,shot_noise,4,-83858.55
549,6,shot_noise,5,-81757.15
550,6,snow,1,-86652.57
551,6,snow,2,-83615.664
552,6,snow,3,-85176.945
553,6,snow,4,-78512.586
554,6,snow,5,-79500.91
555,6,spatter,1,-89713.734
556,6,spatter,2,-88897.016
557,6,spatter,3,-87109.836
558,6,spatter,4,-81300.95
559,6,spatter,5,-78199.91
560,6,speckle_noise,1,-87979.59
561,6,speckle_noise,2,-86466.19
562,6,speckle_noise,3,-85226.305
563,6,speckle_noise,4,-82908.21
564,6,speckle_noise,5,-80287.09
565,6,zoom_blur,1,-93551.51
566,6,zoom_blur,2,-94041.03
567,6,zoom_blur,3,-94577.43
568,6,zoom_blur,4,-94720.586
569,6,zoom_blur,5,-94785.6
570,7,brightness,1,-103676.22
571,7,brightness,2,-102454.58
572,7,brightness,3,-101033.32
573,7,brightness,4,-99487.02
574,7,brightness,5,-96202.25
575,7,contrast,1,-91877.88
576,7,contrast,2,-71735.2
577,7,contrast,3,-60819.44
578,7,contrast,4,-48500.133
579,7,contrast,5,-29504.39
580,7,defocus_blur,1,-105432.41
581,7,defocus_blur,2,-106637.18
582,7,defocus_blur,3,-107513.01
583,7,defocus_blur,4,-108075.73
584,7,defocus_blur,5,-109032.92
585,7,elastic,1,-101502.19
586,7,elastic,2,-102727.625
587,7,elastic,3,-104810.87
588,7,elastic,4,-105187.19
589,7,elastic,5,-105218.58
590,7,fog,1,-105157.33
591,7,fog,2,-106360.13
592,7,fog,3,-110952.4
593,7,fog,4,-109667.945
594,7,fog,5,-116532.97
595,7,frost,1,-100513.2
596,7,frost,2,-96508.99
597,7,frost,3,-96090.14
598,7,frost,4,-97635.02
599,7,frost,5,-98408.375
600,7,frosted_glass_blur,1,-104874.64
601,7,frosted_glass_blur,2,-105332.64
602,7,frosted_glass_blur,3,-107227.03
603,7,frosted_glass_blur,4,-104835.734
604,7,frosted_glass_blur,5,-106981.26
605,7,gaussian_blur,1,-105456.484
606,7,gaussian_blur,2,-107687.45
607,7,gaussian_blur,3,-108384.69
608,7,gaussian_blur,4,-108925.336
609,7,gaussian_blur,5,-109714.445
610,7,gaussian_noise,1,-102754.77
611,7,gaussian_noise,2,-100739.734
612,7,gaussian_noise,3,-98352.37
613,7,gaussian_noise,4,-96796.35
614,7,gaussian_noise,5,-95224.055
615,7,impulse_noise,1,-101280.336
616,7,impulse_noise,2,-98393.3
617,7,impulse_noise,3,-95611.914
618,7,impulse_noise,4,-90101.055
619,7,impulse_noise,5,-85490.52
620,7,jpeg_compression,1,-104477.5
621,7,jpeg_compression,2,-104505.04
622,7,jpeg_compression,3,-104535.45
623,7,jpeg_compression,4,-104704.375
624,7,jpeg_compression,5,-104870.086
625,7,motion_blur,1,-106884.04
626,7,motion_blur,2,-107835.664
627,7,motion_blur,3,-108361.73
628,7,motion_blur,4,-108110.74
629,7,motion_blur,5,-107873.54
630,7,pixelate,1,-104339.95
631,7,pixelate,2,-105071.914
632,7,pixelate,3,-104611.51
633,7,pixelate,4,-106921.96
634,7,pixelate,5,-106785.516
635,7,saturate,1,-95731.664
636,7,saturate,2,-91785.445
637,7,saturate,3,-107103.414
638,7,saturate,4,-109351.27
639,7,saturate,5,-110242.766
640,7,shot_noise,1,-103327.72
641,7,shot_noise,2,-102154.266
642,7,shot_noise,3,-99386.56
643,7,shot_noise,4,-97882.445
644,7,shot_noise,5,-95062.61
645,7,snow,1,-101732.4
646,7,snow,2,-98158.47
647,7,snow,3,-100734.54
648,7,snow,4,-92317.836
649,7,snow,5,-93212.484
650,7,spatter,1,-105342.375
651,7,spatter,2,-104407.14
652,7,spatter,3,-102033.836
653,7,spatter,4,-94356.35
654,7,spatter,5,-90710.21
655,7,speckle_noise,1,-103079.96
656,7,speckle_noise,2,-101079.234
657,7,speckle_noise,3,-99694.3
658,7,speckle_noise,4,-96667.58
659,7,speckle_noise,5,-93232.83
660,7,zoom_blur,1,-109507.67
661,7,zoom_blur,2,-109913.28
662,7,zoom_blur,3,-110402.41
663,7,zoom_blur,4,-110408.78
664,7,zoom_blur,5,-110265.12
665,8,brightness,1,-79125.33
666,8,brightness,2,-78168.67
667,8,brightness,3,-76981.84
668,8,brightness,4,-75548.35
669,8,brightness,5,-72054.45
670,8,contrast,1,-71956.38
671,8,contrast,2,-57765.816
672,8,contrast,3,-49387.59
673,8,contrast,4,-39394.594
674,8,contrast,5,-23199.459
675,8,defocus_blur,1,-80303.45
676,8,defocus_blur,2,-81170.78
677,8,defocus_blur,3,-81830.14
678,8,defocus_blur,4,-82273.01
679,8,defocus_blur,5,-83113.26
680,8,elastic,1,-78206.14
681,8,elastic,2,-78993.914
682,8,elastic,3,-80208.78
683,8,elastic,4,-80708.234
684,8,elastic,5,-80820.57
685,8,fog,1,-79736.625
686,8,fog,2,-79036.93
687,8,fog,3,-80352.016
688,8,fog,4,-77642.67
689,8,fog,5,-77321.65
690,8,frost,1,-76409.25
691,8,frost,2,-73395.85
692,8,frost,3,-72843.734
693,8,frost,4,-74192.91
694,8,frost,5,-74799.04
695,8,frosted_glass_blur,1,-80238.85
696,8,frosted_glass_blur,2,-80590.64
697,8,frosted_glass_blur,3,-82146.66
698,8,frosted_glass_blur,4,-81153.44
699,8,frosted_glass_blur,5,-82351.84
700,8,gaussian_blur,1,-80308.85
701,8,gaussian_blur,2,-81914.02
702,8,gaussian_blur,3,-82465.84
703,8,gaussian_blur,4,-82933.9
704,8,gaussian_blur,5,-83722.61
705,8,gaussian_noise,1,-78529.03
706,8,gaussian_noise,2,-77318.24
707,8,gaussian_noise,3,-75785.15
708,8,gaussian_noise,4,-74748.74
709,8,gaussian_noise,5,-73734.26
710,8,impulse_noise,1,-77677.77
711,8,impulse_noise,2,-75986.69
712,8,impulse_noise,3,-74187.6
713,8,impulse_noise,4,-70804.05
714,8,impulse_noise,5,-68147.85
715,8,jpeg_compression,1,-79671.09
716,8,jpeg_compression,2,-79659.75
717,8,jpeg_compression,3,-79684.27
718,8,jpeg_compression,4,-79773.08
719,8,jpeg_compression,5,-79959.36
720,8,motion_blur,1,-81044.51
721,8,motion_blur,2,-81606.07
722,8,motion_blur,3,-81673.32
723,8,motion_blur,4,-81573.67
724,8,motion_blur,5,-81501.54
725,8,pixelate,1,-79605.3
726,8,pixelate,2,-80140.77
727,8,pixelate,3,-79959.13
728,8,pixelate,4,-80623.28
729,8,pixelate,5,-81678.25
730,8,saturate,1,-72059.555
731,8,saturate,2,-68506.375
732,8,saturate,3,-81276.48
733,8,saturate,4,-80939.65
734,8,saturate,5,-78962.664
735,8,shot_noise,1,-78880.0
736,8,shot_noise,2,-78129.44
737,8,shot_noise,3,-76257.77
738,8,shot_noise,4,-75517.66
739,8,shot_noise,5,-73642.37
740,8,snow,1,-77668.13
741,8,snow,2,-74878.695
742,8,snow,3,-75833.26
743,8,snow,4,-70373.016
744,8,snow,5,-71047.22
745,8,spatter,1,-80370.19
746,8,spatter,2,-79737.55
747,8,spatter,3,-77861.234
748,8,spatter,4,-72534.28
749,8,spatter,5,-69752.6
750,8,speckle_noise,1,-78660.45
751,8,speckle_noise,2,-77479.77
752,8,speckle_noise,3,-76460.555
753,8,speckle_noise,4,-74546.2
754,8,speckle_noise,5,-72334.04
755,8,zoom_blur,1,-83620.14
756,8,zoom_blur,2,-83781.03
757,8,zoom_blur,3,-84279.51
758,8,zoom_blur,4,-84371.67
759,8,zoom_blur,5,-84503.1
760,9,brightness,1,-59500.77
761,9,brightness,2,-58907.188
762,9,brightness,3,-58224.45
763,9,brightness,4,-57497.69
764,9,brightness,5,-55838.047
765,9,contrast,1,-54860.14
766,9,contrast,2,-45872.758
767,9,contrast,3,-40515.418
768,9,contrast,4,-33856.703
769,9,contrast,5,-21686.754
770,9,defocus_blur,1,-60299.69
771,9,defocus_blur,2,-60900.492
772,9,defocus_blur,3,-61360.92
773,9,defocus_blur,4,-61664.027
774,9,defocus_blur,5,-62291.79
775,9,elastic,1,-59331.07
776,9,elastic,2,-59874.97
777,9,elastic,3,-60145.984
778,9,elastic,4,-60685.043
779,9,elastic,5,-60855.438
780,9,fog,1,-60266.91
781,9,fog,2,-61781.07
782,9,fog,3,-64354.88
783,9,fog,4,-63470.758
784,9,fog,5,-65610.98
785,9,frost,1,-56809.266
786,9,frost,2,-54500.773
787,9,frost,3,-53878.887
788,9,frost,4,-54825.414
789,9,frost,5,-55668.11
790,9,frosted_glass_blur,1,-59988.652
791,9,frosted_glass_blur,2,-60227.207
792,9,frosted_glass_blur,3,-61118.055
793,9,frosted_glass_blur,4,-59934.72
794,9,frosted_glass_blur,5,-60610.79
795,9,gaussian_blur,1,-60291.45
796,9,gaussian_blur,2,-61358.926
797,9,gaussian_blur,3,-61717.242
798,9,gaussian_blur,4,-62019.82
799,9,gaussian_blur,5,-62508.24
800,9,gaussian_noise,1,-59069.504
801,9,gaussian_noise,2,-58019.406
802,9,gaussian_noise,3,-57078.363
803,9,gaussian_noise,4,-56284.258
804,9,gaussian_noise,5,-55762.824
805,9,impulse_noise,1,-58363.07
806,9,impulse_noise,2,-57213.656
807,9,impulse_noise,3,-56042.79
808,9,impulse_noise,4,-53591.88
809,9,impulse_noise,5,-51917.793
810,9,jpeg_compression,1,-59823.047
811,9,jpeg_compression,2,-59846.91
812,9,jpeg_compression,3,-59786.457
813,9,jpeg_compression,4,-59810.477
814,9,jpeg_compression,5,-59978.31
815,9,motion_blur,1,-60846.414
816,9,motion_blur,2,-61208.664
817,9,motion_blur,3,-61018.93
818,9,motion_blur,4,-60986.047
819,9,motion_blur,5,-60901.504
820,9,pixelate,1,-59703.227
821,9,pixelate,2,-60548.53
822,9,pixelate,3,-59763.4
823,9,pixelate,4,-60732.52
824,9,pixelate,5,-61894.258
825,9,saturate,1,-52054.344
826,9,saturate,2,-48965.035
827,9,saturate,3,-62129.848
828,9,saturate,4,-63315.28
829,9,saturate,5,-63147.97
830,9,shot_noise,1,-59239.973
831,9,shot_noise,2,-58699.53
832,9,shot_noise,3,-57393.035
833,9,shot_noise,4,-56780.05
834,9,shot_noise,5,-55541.145
835,9,snow,1,-57931.39
836,9,snow,2,-55596.312
837,9,snow,3,-56970.457
838,9,snow,4,-52026.68
839,9,snow,5,-52610.97
840,9,spatter,1,-60166.324
841,9,spatter,2,-59628.33
842,9,spatter,3,-58584.934
843,9,spatter,4,-54542.195
844,9,spatter,5,-52158.49
845,9,speckle_noise,1,-59089.957
846,9,speckle_noise,2,-58239.54
847,9,speckle_noise,3,-57515.992
848,9,speckle_noise,4,-56108.18
849,9,speckle_noise,5,-54540.895
850,9,zoom_blur,1,-62085.938
851,9,zoom_blur,2,-62228.15
852,9,zoom_blur,3,-62458.457
853,9,zoom_blur,4,-62489.895
854,9,zoom_blur,5,-62435.797
855,10,brightness,1,-82285.54
856,10,brightness,2,-81688.516
857,10,brightness,3,-80776.63
858,10,brightness,4,-79540.55
859,10,brightness,5,-76228.414
860,10,contrast,1,-74406.336
861,10,contrast,2,-58848.332
862,10,contrast,3,-49504.21
863,10,contrast,4,-38488.574
864,10,contrast,5,-21265.074
865,10,defocus_blur,1,-83122.35
866,10,defocus_blur,2,-84061.06
867,10,defocus_blur,3,-84777.32
868,10,defocus_blur,4,-85254.36
869,10,defocus_blur,5,-86194.25
870,10,elastic,1,-81457.79
871,10,elastic,2,-82834.92
872,10,elastic,3,-83594.83
873,10,elastic,4,-83897.69
874,10,elastic,5,-83790.74
875,10,fog,1,-82675.664
876,10,fog,2,-82245.93
877,10,fog,3,-83186.12
878,10,fog,4,-79969.33
879,10,fog,5,-79836.27
880,10,frost,1,-78650.805
881,10,frost,2,-75079.2
882,10,frost,3,-73768.9
883,10,frost,4,-75438.66
884,10,frost,5,-75919.29
885,10,frosted_glass_blur,1,-83440.7
886,10,frosted_glass_blur,2,-83759.414
887,10,frosted_glass_blur,3,-85234.91
888,10,frosted_glass_blur,4,-84146.66
889,10,frosted_glass_blur,5,-85483.57
890,10,gaussian_blur,1,-83124.95
891,10,gaussian_blur,2,-84799.805
892,10,gaussian_blur,3,-85350.195
893,10,gaussian_blur,4,-85795.44
894,10,gaussian_blur,5,-86474.53
895,10,gaussian_noise,1,-81163.35
896,10,gaussian_noise,2,-79656.92
897,10,gaussian_noise,3,-77815.74
898,10,gaussian_noise,4,-76616.8
899,10,gaussian_noise,5,-75506.67
900,10,impulse_noise,1,-80032.66
901,10,impulse_noise,2,-78043.914
902,10,impulse_noise,3,-75918.56
903,10,impulse_noise,4,-71915.3
904,10,impulse_noise,5,-68892.83
905,10,jpeg_compression,1,-82417.83
906,10,jpeg_compression,2,-82391.76
907,10,jpeg_compression,3,-82364.55
908,10,jpeg_compression,4,-82518.12
909,10,jpeg_compression,5,-82602.01
910,10,motion_blur,1,-83613.875
911,10,motion_blur,2,-83858.125
912,10,motion_blur,3,-83710.64
913,10,motion_blur,4,-83511.64
914,10,motion_blur,5,-83217.89
915,10,pixelate,1,-82114.336
916,10,pixelate,2,-82995.39
917,10,pixelate,3,-82506.46
918,10,pixelate,4,-83377.6
919,10,pixelate,5,-84886.234
920,10,saturate,1,-70213.414
921,10,saturate,2,-65201.113
922,10,saturate,3,-85481.83
923,10,saturate,4,-85464.195
924,10,saturate,5,-83242.73
925,10,shot_noise,1,-81511.695
926,10,shot_noise,2,-80668.18
927,10,shot_noise,3,-78684.55
928,10,shot_noise,4,-77447.36
929,10,shot_noise,5,-75518.586
930,10,snow,1,-79901.34
931,10,snow,2,-76700.69
932,10,snow,3,-77728.56
933,10,snow,4,-72778.64
934,10,snow,5,-71778.78
935,10,spatter,1,-82980.45
936,10,spatter,2,-82323.18
937,10,spatter,3,-80134.69
938,10,spatter,4,-75506.19
939,10,spatter,5,-71965.0
940,10,speckle_noise,1,-81321.96
941,10,speckle_noise,2,-79947.13
942,10,speckle_noise,3,-78730.69
943,10,speckle_noise,4,-76547.195
944,10,speckle_noise,5,-74069.09
945,10,zoom_blur,1,-87660.555
946,10,zoom_blur,2,-88316.87
947,10,zoom_blur,3,-89145.77
948,10,zoom_blur,4,-89511.28
949,10,zoom_blur,5,-89834.46
